{
  "timestamp": "2026-02-26T21:13:17.753130",
  "nodes": {
    "M1": {
      "score": 0.8229166666666666,
      "latency": 1880.5,
      "success": 1.0,
      "grade": "A"
    },
    "M2": {
      "score": 0.7881944444444445,
      "latency": 4374.916666666667,
      "success": 1.0,
      "grade": "B"
    },
    "M3": {
      "score": 0.7256944444444445,
      "latency": 5498.25,
      "success": 1.0,
      "grade": "B"
    },
    "OL1": {
      "score": 0.859375,
      "latency": 18220.75,
      "success": 0.6666666666666666,
      "grade": "A"
    }
  },
  "phases": {
    "1. Latence Pure": {
      "M1": 1.0,
      "M2": 1.0,
      "M3": 1.0,
      "OL1": 0.0
    },
    "2. Code Python": {
      "M1": 1.0,
      "M2": 1.0,
      "M3": 1.0,
      "OL1": 1.0
    },
    "3. Code JavaScript": {
      "M1": 1.0,
      "M2": 1.0,
      "M3": 1.0,
      "OL1": 1.0
    },
    "4. Raisonnement Logique": {
      "M1": 0.3333333333333333,
      "M2": 0.3333333333333333,
      "M3": 0.0,
      "OL1": 1.0
    },
    "5. Mathematiques": {
      "M1": 1.0,
      "M2": 1.0,
      "M3": 0.6666666666666666,
      "OL1": 1.0
    },
    "6. Analyse Trading": {
      "M1": 1.0,
      "M2": 0.5,
      "M3": 1.0,
      "OL1": 0.0
    },
    "7. Comprehension Systeme": {
      "M1": 0.75,
      "M2": 0.75,
      "M3": 0.75,
      "OL1": 0.8333333333333334
    },
    "8. Architecture IA": {
      "M1": 0.25,
      "M2": 0.5,
      "M3": 0.25,
      "OL1": 0.25
    },
    "9. Generation Longue": {
      "M1": 1.0,
      "M2": 1.0,
      "M3": 1.0,
      "OL1": 1.0
    },
    "10. Multilingual & Edge Cases": {
      "M1": 1.0,
      "M2": 0.8888888888888888,
      "M3": 0.8888888888888888,
      "OL1": 1.0
    }
  },
  "ranking": [
    {
      "rank": 1,
      "node": "M1",
      "weighted_score": 1.48125,
      "score": 0.8229166666666666,
      "weight": 1.8
    },
    {
      "rank": 2,
      "node": "OL1",
      "weighted_score": 1.1171875,
      "score": 0.859375,
      "weight": 1.3
    },
    {
      "rank": 3,
      "node": "M2",
      "weighted_score": 1.1034722222222222,
      "score": 0.7881944444444445,
      "weight": 1.4
    },
    {
      "rank": 4,
      "node": "M3",
      "weighted_score": 0.7256944444444445,
      "score": 0.7256944444444445,
      "weight": 1.0
    }
  ],
  "stats": {
    "total": 96,
    "success": 88,
    "fail": 8,
    "avg_latency_ms": 6518
  }
}