{
  "timestamp": "2026-02-26T21:15:45.258401",
  "nodes": {
    "M1": {
      "score": 0.8645833333333334,
      "latency": 1957.9166666666667,
      "success": 1.0,
      "grade": "A"
    },
    "M2": {
      "score": 0.7708333333333334,
      "latency": 4474.666666666667,
      "success": 1.0,
      "grade": "B"
    },
    "M3": {
      "score": 0.7395833333333334,
      "latency": 5464.916666666667,
      "success": 1.0,
      "grade": "B"
    },
    "OL1": {
      "score": 0.8375,
      "latency": 16955.15,
      "success": 0.8333333333333334,
      "grade": "A"
    }
  },
  "phases": {
    "1. Latence Pure": {
      "M1": 1.0,
      "M2": 1.0,
      "M3": 1.0,
      "OL1": 1.0
    },
    "2. Code Python": {
      "M1": 1.0,
      "M2": 1.0,
      "M3": 1.0,
      "OL1": 1.0
    },
    "3. Code JavaScript": {
      "M1": 1.0,
      "M2": 1.0,
      "M3": 1.0,
      "OL1": 0.75
    },
    "4. Raisonnement Logique": {
      "M1": 0.6666666666666666,
      "M2": 0.0,
      "M3": 0.0,
      "OL1": 1.0
    },
    "5. Mathematiques": {
      "M1": 1.0,
      "M2": 1.0,
      "M3": 0.6666666666666666,
      "OL1": 1.0
    },
    "6. Analyse Trading": {
      "M1": 1.0,
      "M2": 0.5,
      "M3": 1.0,
      "OL1": 0.0
    },
    "7. Comprehension Systeme": {
      "M1": 0.75,
      "M2": 0.75,
      "M3": 0.75,
      "OL1": 0.8333333333333334
    },
    "8. Architecture IA": {
      "M1": 0.25,
      "M2": 0.625,
      "M3": 0.25,
      "OL1": 0.25
    },
    "9. Generation Longue": {
      "M1": 1.0,
      "M2": 1.0,
      "M3": 1.0,
      "OL1": 1.0
    },
    "10. Multilingual & Edge Cases": {
      "M1": 1.0,
      "M2": 1.0,
      "M3": 1.0,
      "OL1": 1.0
    }
  },
  "ranking": [
    {
      "rank": 1,
      "node": "M1",
      "weighted_score": 1.5562500000000001,
      "score": 0.8645833333333334,
      "weight": 1.8
    },
    {
      "rank": 2,
      "node": "OL1",
      "weighted_score": 1.08875,
      "score": 0.8375,
      "weight": 1.3
    },
    {
      "rank": 3,
      "node": "M2",
      "weighted_score": 1.0791666666666666,
      "score": 0.7708333333333334,
      "weight": 1.4
    },
    {
      "rank": 4,
      "node": "M3",
      "weighted_score": 0.7395833333333334,
      "score": 0.7395833333333334,
      "weight": 1.0
    }
  ],
  "stats": {
    "total": 96,
    "success": 92,
    "fail": 4,
    "avg_latency_ms": 6789
  }
}